SYMBOL,COMPANY,PURPOSE,Details,DATE
3IINFOLTD,3i Infotech Limited,Financial Results/Other business matters,"To consider and approve the financial results for the period ended December 31, 2025 and other business matters",13-Feb-2026
AAATECH,Aaa Technologies Limited,Financial Results/Other business matters,"To consider and approve the financial results for the period ended December 31, 2025 and other business matters",13-Feb-2026
ABAN,Aban Offshore Limited,Financial Results,"To consider and approve the financial results for the period ended December 31, 2025",13-Feb-2026
ABHISHEK,Abhishek Corporation Limited,Financial Results,"To consider and approve the financial results for the period ended December 31, 2025",13-Feb-2026
ABINFRA,A B Infrabuild Limited,Financial Results,"To consider and approve the financial results for the period ended December 31, 2025",13-Feb-2026
ACE,Action Construction Equipment Limited,Other business matters,To consider other business matters,13-Feb-2026
AHLEAST,Asian Hotels (East) Limited,Financial Results/Other business matters,"To consider and approve the financial results for the period ended December 31, 2025 and other business matters",13-Feb-2026
AHLWEST,Asian Hotels (West) Limited,Financial Results,"To consider and approve the financial results for the period ended December 31, 2025",13-Feb-2026
AKG,Akg Exim Limited,Financial Results/Other business matters,"To consider and approve the financial results for the period ended December 31, 2025 and other business matters",13-Feb-2026
AKSHAR,Akshar Spintex Limited,Financial Results/Other business matters,"To consider and approve the financial results for the period ended December 31, 2025 and other business matters",13-Feb-2026
AKUMS,Akums Drugs and Pharmaceuticals Limited,Financial Results,"To consider and approve the financial results for the period ended December 31, 2025",13-Feb-2026
ALICON,Alicon Castalloy Limited,Other business matters,"In continuation to our letter dated 29th January, 2026 informing the stock exchanges about the meeting of the Board of D...Read More",13-Feb-2026
ALICON,Alicon Castalloy Limited,Financial Results,"To consider and approve the financial results for the period ended December 31, 2025",13-Feb-2026
ALKEM,Alkem Laboratories Limited,Financial Results/Dividend,Notice of meeting of the Board of Directors of Alkem Laboratories Limited ( the Company ),13-Feb-2026
AMNPLST,Amines & Plasticizers Limited,Financial Results,"Intimation of Board Meeting Scheduled to be held on Friday, February 13, 2026 for inter-alia, to consider, approve and t...Read More",13-Feb-2026
ANTGRAPHIC,Antarctica Limited,Financial Results/Other business matters,"To consider and approve the financial results for the period ended December 31, 2025 and other business matters",13-Feb-2026
APOLSINHOT,Apollo Sindoori Hotels Limited,Financial Results,"To consider and approve the financial results for the period ended December 31, 2025",13-Feb-2026
ARCOTECH,Arcotech Limited,Financial Results/Other business matters,"To consider and approve the financial results for the period ended December 31, 2025 and other business matters",13-Feb-2026
ARENTERP,Rajdarshan Industries Limited,Financial Results,"To consider and approve the financial results for the period ended December 31, 2025",13-Feb-2026
ARIES,Aries Agro Limited,Financial Results,To approve the Un-Audited Financial Results for the Third Quarter and Nine Months ended 31st December 2025,13-Feb-2026
ARROWGREEN,Arrow Greentech Limited,Financial Results,"To consider and approve the financial results for the period ended December 31, 2025",13-Feb-2026
ARTNIRMAN,Art Nirman Limited,Financial Results/Other business matters,"To consider and approve the financial results for the period ended December 31, 2025 and other business matters",13-Feb-2026
ARVEE,Arvee Laboratories (India) Limited,Financial Results/Other business matters,"To consider and approve the financial results for the period ended December 31, 2025 and other business matters",13-Feb-2026
ASHIMASYN,Ashima Limited,Financial Results,"To consider and approve the financial results for the period ended December 31, 2025",13-Feb-2026
ASHOKAMET,Ashoka Metcast Limited,Financial Results,"To consider and approve the financial results for the period ended December 31, 2025",13-Feb-2026
ASIANENE,Asian Energy Services Limited,Financial Results,"To consider and approve the financial results for the period ended December 31, 2025",13-Feb-2026
ASIANHOTNR,Asian Hotels (North) Limited,Financial Results,"To consider and approve the financial results for the period ended December 31, 2025",13-Feb-2026
ASTRON,Astron Paper & Board Mill Limited,Financial Results/Other business matters,"To consider and approve the financial results for the period ended December 31, 2025 and other business matters",13-Feb-2026
ATAM,Atam Valves Limited,Financial Results,"To consider and approve the financial results for the period ended December 31, 2025",13-Feb-2026
AVONMORE,Avonmore Capital & Management Services Limited,Financial Results/Other business matters,"To consider and approve the financial results for the period ended December 31, 2025 and other business matters",13-Feb-2026
AYMSYNTEX,AYM Syntex Limited,Financial Results,To consider and approve the Unaudited Financial Results of the Company for the quarter and nine-months ended on December...Read More,13-Feb-2026
AZAD,Azad Engineering Limited,Financial Results/Other business matters,"To consider and approve the financial results for the period ended December 31, 2025 and other business matters",13-Feb-2026
BALAJEE,Shree Tirupati Balajee Agro Trading Company Limited,Financial Results/Other business matters,"To consider and approve the financial results for the period ended December 31, 2025 and other business matters",13-Feb-2026
BALAJITELE,Balaji Telefilms Limited,Financial Results,"To consider and approve the financial results for the quarter ended December 31, 2025",13-Feb-2026
BALLARPUR,Ballarpur Industries Limited,Financial Results,"To consider and approve the financial results for the period ended December 31, 2025",13-Feb-2026
BASF,BASF India Limited,Financial Results,"To consider and approve the financial results for the period ended December 31, 2025",13-Feb-2026
BBTC,The Bombay Burmah Trading Corporation Limited,Financial Results/Dividend,"To consider and approve the financial results for the period ended December 31, 2025 and the declaration of Interim Equi...Read More",13-Feb-2026
BCONCEPTS,Brand Concepts Limited,Financial Results,"To consider and approve the Unaudited financial results for the period ended December 31, 2025",13-Feb-2026
BFINVEST,BF Investment Limited,Financial Results,"To consider and approve the unaudited financial results for the period ended December 31, 2025",13-Feb-2026
BFUTILITIE,BF Utilities Limited,Financial Results,"To consider and approve the unaudited Standalone financial results for the period ended December 31, 2025",13-Feb-2026
BGRENERGY,BGR Energy Systems Limited,Financial Results,"To consider and approve the standalone & consolidated unaudited financial results for the period ended December 31, 20...Read More",13-Feb-2026
BHARATIDIL,Bharati Defence and Infrastructure Limited,Financial Results,"To consider and approve the financial results for the period ended December 31, 2025",13-Feb-2026
BHARATIDIL,Bharati Defence and Infrastructure Limited,Financial Results,"To consider and approve the financial results for the period ended December 31, 2025",13-Feb-2026
BILVYAPAR,BIL VYAPAR LIMITED,Financial Results,"To consider and approve the financial results for the period ended December 31, 2025",13-Feb-2026
BIOFILCHEM,Biofil Chemicals & Pharmaceuticals Limited,Financial Results,"1. To consider and approve the financial results for the period ended December 31, 2025 along with Limited Review Repor...Read More",13-Feb-2026
BIRLANU,BirlaNu Limited,Financial Results,"To consider and approve the financial results for the period ended December 31, 2025",13-Feb-2026
BLUECOAST,Blue Coast Hotels Limited,Financial Results,"To consider and approve the financial results for the period ended December 31, 2025",13-Feb-2026
BLUEJET,Blue Jet Healthcare Limited,Financial Results,"To consider and approve the financial results for the period ended December 31, 2025",13-Feb-2026
BPL,BPL Limited,Financial Results,"To consider and approve the financial results for the period ended December 31, 2025",13-Feb-2026
BRNL,Bharat Road Network Limited,Financial Results,"To consider and approve the financial results for the period ended December 31, 2025",13-Feb-2026
CAMLINFINE,Camlin Fine Sciences Limited,Financial Results,"To consider and approve the financial results for the period ended December 31, 2025",13-Feb-2026
CCAVENUE,AvenuesAI Limited,Financial Results/Other business matters,"To consider and approve the financial results for the period ended December 31, 2025 and other business matters",13-Feb-2026
CCHHL,Country Club Hospitality & Holidays Limited,Financial Results,"To consider and approve the financial results for the period ended December 31, 2025",13-Feb-2026
CENTRUM,Centrum Capital Limited,Financial Results,"To consider and approve the financial results for the period ended December 31, 2025",13-Feb-2026
CEREBRAINT,Cerebra Integrated Technologies Limited,Financial Results,"To consider and approve the unaudited Standalone and Consolidated financial results for the period ended December 31, 20...Read More",13-Feb-2026
CIFL,Capital India Finance Limited,Financial Results,To consider and approve the un-audited financial results of the Company (both standalone and consolidated) for the quart...Read More,13-Feb-2026
CONSOFINVT,Consolidated Finvest & Holdings Limited,Financial Results,"To consider and approve the financial results for the period ended December 31, 2025",13-Feb-2026
CORDSCABLE,Cords Cable Industries Limited,Financial Results,"To consider and approve the financial results for the period ended December 31, 2025",13-Feb-2026
COUNCODOS,Country Condo's Limited,Financial Results/Other business matters,"To consider and approve the financial results for the period ended December 31, 2025 and other business matters",13-Feb-2026
CREST,Crest Ventures Limited,Financial Results,To consider and approve the Un-Audited Financial Results (Standalone and Consolidated) for the quarter and nine months e...Read More,13-Feb-2026
CSLFINANCE,CSL Finance Limited,Financial Results,"To consider and approve the financial results for the period ended December 31, 2025",13-Feb-2026
CUBEXTUB,Cubex Tubings Limited,Financial Results,"To consider and approve the financial results for the period ended December 31, 2025",13-Feb-2026
DANGEE,Dangee Dums Limited,Financial Results/Other business matters,"To consider and approve the financial results for the period ended December 31, 2025 and other business matters",13-Feb-2026
DBEIL,Deepak Builders & Engineers India Limited,Financial Results/Other business matters,"To consider and approve the financial results for the period ended December 31, 2025 and other business matters",13-Feb-2026
DHRUV,Dhruv Consultancy Services Limited,Financial Results/Other business matters,"DHRUV : 13-Feb-2026 : The Company has informed the Exchange that a Board meeting to be held on February 10, 2026 has be...Read More",13-Feb-2026
DPSCLTD,DPSC Limited,Financial Results/Other business matters,"To consider and approve the financial results for the period ended December 31, 2025 and other business matters",13-Feb-2026
DSKULKARNI,DS Kulkarni Developers Limited,Financial Results,"To consider and approve the financial results for the period ended December 31, 2025",13-Feb-2026
DYNPRO,Dynemic Products Limited,Financial Results,"To consider and approve the financial results for the period ended December 31, 2025",13-Feb-2026
EMSLIMITED,EMS Limited,Financial Results,To consider and approve the Unaudited Standalone and Consolidated financial results of the Company for the period ended ...Read More,13-Feb-2026
ENERGYDEV,Energy Development Company Limited,Financial Results,"To consider and approve the financial results for the period ended December 31, 2025",13-Feb-2026
ENRIN,Siemens Energy India Limited,Financial Results,"To consider and approve the financial results for the period ended December 31, 2025",13-Feb-2026
EPL,EPL Limited,Financial Results,"To consider and approve the financial results for the period ended December 31, 2025",13-Feb-2026
ERIS,Eris Lifesciences Limited,Financial Results,"To consider and approve the financial results for the period ended December 31, 2025",13-Feb-2026
EROSMEDIA,Eros International Media Limited,Financial Results/Other business matters,"To consider and approve the financial results for the period ended December 31, 2025 and other business matters",13-Feb-2026
ESSARSHPNG,Essar Shipping Limited,Financial Results,"To consider and approve the financial results for the period ended December 31, 2025",13-Feb-2026
EXICOM,Exicom Tele-Systems Limited,Financial Results/Other business matters,To consider and approve the Unaudited Financial Results (both on standalone and consolidated) for the third quarter and ...Read More,13-Feb-2026
FCL,Fineotex Chemical Limited,Financial Results,"To consider and approve the financial results for the period ended December 31, 2025",13-Feb-2026
FCONSUMER,Future Consumer Limited,Financial Results,"To consider and approve the financial results for the period ended December 31, 2025",13-Feb-2026
FIRSTCRY,Brainbees Solutions Limited,Financial Results,"Brainbees Solutions Limited has informed the Exchange about the Board Meeting scheduled to be held on February 13, 2026,...Read More",13-Feb-2026
FORTIS,Fortis Healthcare Limited,Financial Results,"To consider and approve the financial results for the period ended December 31, 2025",13-Feb-2026
GALAXYSURF,Galaxy Surfactants Limited,Financial Results,"To consider and approve the financial results for the period ended December 31, 2025",13-Feb-2026
GANESHBE,Ganesh Benzoplast Limited,Financial Results,"To consider and approve the financial results for the period ended December 31, 2025",13-Feb-2026
GANGAFORGE,Ganga Forging Limited,Financial Results,"To consider and approve the financial results for the period ended December 31, 2025",13-Feb-2026
GBGLOBAL,GB Global Limited,Financial Results/Other business matters,"To consider and approve the financial results for the period ended December 31, 2025 and other business matters",13-Feb-2026
GENUSPAPER,Genus Paper & Boards Limited,Financial Results,"To consider and approve the financial results for the period ended December 31, 2025",13-Feb-2026
GFSTEELS,Grand Foundry Limited,Financial Results,"To consider and approve the financial results for the period ended December 31, 2025",13-Feb-2026
GFSTEELS,Grand Foundry Limited,Financial Results,"To consider and approve the financial results for the period ended December 31, 2025",13-Feb-2026
GKENERGY,GK Energy Limited,Financial Results/Other business matters,"To consider and approve the financial results for the period ended December 31, 2025 and other business matters",13-Feb-2026
GKSL,Gujarat Kidney And Super Speciality Limited,Financial Results/Other business matters,"To consider and approve the financial results for the period ended December 31, 2025 and other business matters",13-Feb-2026
GLOBALVECT,Global Vectra Helicorp Limited,Financial Results,"To consider and approve the financial results for the period ended December 31, 2025",13-Feb-2026
GLOTTIS,Glottis Limited,Financial Results,"To consider and approve the financial results for the period ended December 31, 2025",13-Feb-2026
GMDCLTD,Gujarat Mineral Development Corporation Limited,Financial Results,"To consider and approve the financial results for the period ended December 31, 2025",13-Feb-2026
GMRAIRPORT,GMR AIRPORTS LIMITED,Financial Results,"Intimation under SEBI (Listing Obligations and Disclosure Requirements) Regulations, 2015 - Board Meeting February 13, ...Read More",13-Feb-2026
GODAVARIB,Godavari Biorefineries Limited,Financial Results,"To consider and approve the financial results for the period ended December 31, 2025",13-Feb-2026
GOKUL,Gokul Refoils and Solvent Limited,Financial Results/Other business matters,"To consider and approve the financial results for the period ended December 31, 2025 and other business matters",13-Feb-2026
GOODLUCK,Goodluck India Limited,Financial Results,"To consider and approve the financial results for the period ended December 31, 2025",13-Feb-2026
GOODLUCK,Goodluck India Limited,Dividend,To consider Declaration of Interim dividend for the financial year 2025-26,13-Feb-2026
GOYALALUM,Goyal Aluminiums Limited,Financial Results,"To consider and approve the financial results for the period ended December 31, 2025",13-Feb-2026
GRINFRA,G R Infraprojects Limited,Dividend/Other business matters,To consider Interim dividend and other business matters,13-Feb-2026
GROBTEA,The Grob Tea Company Limited,Financial Results/Other business matters,"To consider and approve the financial results for the period ended December 31, 2025 and other business matters",13-Feb-2026
GUFICBIO,Gufic Biosciences Limited,Financial Results/Other business matters,To consider and approve Unaudited Financial Results (Standalone and Consolidated) for the Quarter and Nine months ended ...Read More,13-Feb-2026
GUJRAFFIA,Gujarat Raffia Industries Limited,Financial Results,"To consider and approve the financial results for the period ended December 31, 2025",13-Feb-2026
GVKPIL,GVK Power & Infrastructure Limited,Financial Results,"To consider and approve the financial results for the period ended December 31, 2025",13-Feb-2026
HALDER,Halder Venture Limited,Financial Results,"To consider and approve the financial results for the period ended December 31, 2025",13-Feb-2026
HAVISHA,Sri Havisha Hospitality and Infrastructure Limited,Financial Results/Other business matters,"To consider and approve the financial results for the period ended December 31, 2025 and other business matters",13-Feb-2026
HCL-INSYS,HCL Infosystems Limited,Financial Results,"To consider and approve the unaudited financial results for the period ended December 31, 2025",13-Feb-2026
HINDOILEXP,Hindustan Oil Exploration Company Limited,Financial Results/Other business matters,"To consider and approve the unaudited financial results for the quarter ended December 31, 2025 and other business matte...Read More",13-Feb-2026
HONDAPOWER,Honda India Power Products Limited,Financial Results/Dividend,"To consider and approve the Unaudited financial results for the Quarter and Nine Months ended December 31, 2025 and to ...Read More",13-Feb-2026
HPIL,Hindprakash Industries Limited,Financial Results/Other business matters,"To consider and approve the financial results for the period ended December 31, 2025 and other business matters",13-Feb-2026
HUBTOWN,Hubtown Limited,Financial Results/Fund Raising,Hubtown Ltd has informed NSE that the meeting of the Board of Directors of the Company is schedule to be held on 13th Fe...Read More,13-Feb-2026
HUDCO,Housing & Urban Development Corporation Limited,Fund Raising,To consider Fund Raising regarding issue of Non-Convertible Debt Securities,13-Feb-2026
ICIL,Indo Count Industries Limited,Financial Results,"To consider and approve the financial results for the period ended December 31, 2025",13-Feb-2026
INDIGOPNTS,Indigo Paints Limited,Financial Results,"To consider and approve the financial results for the period ended December 31, 2025",13-Feb-2026
INDNIPPON,India Nippon Electricals Limited,Financial Results/Dividend,"To consider and approve the financial results for the period ended December 31, 2025 and dividend",13-Feb-2026
INNOVANA,Innovana Thinklabs Limited,Financial Results,To consider and approve the Unaudited Standalone and Consolidated Financial Results of Innovana Thinklabs Limited for th...Read More,13-Feb-2026
INOXGREEN,Inox Green Energy Services Limited,Financial Results/Other business matters,"To consider and approve the financial results for the period ended December 31, 2025 and other business matters",13-Feb-2026
INOXWIND,Inox Wind Limited,Financial Results/Other business matters,"To consider and approve the financial results for the period ended December 31, 2025 and other business matters",13-Feb-2026
INTLCONV,International Conveyors Limited,Financial Results/Other business matters,"To consider and approve the financial results for the period ended December 31, 2025 and other business matters",13-Feb-2026
IPCALAB,IPCA Laboratories Limited,Financial Results,"To consider and approve the financial results for the period ended December 31, 2025",13-Feb-2026
IRB,IRB Infrastructure Developers Limited,Financial Results/Dividend/Bonus,"To consider and approve the financial results for the period ended December 31, 2025, interim dividend and issuance of b...Read More",13-Feb-2026
ITI,ITI Limited,Financial Results,"To consider and approve the financial results for the period ended December 31, 2025",13-Feb-2026
IVC,IL&FS Investment Managers Limited,Financial Results,"To consider and approve the financial results for the period ended September 30, 2025",13-Feb-2026
IVC,IL&FS Investment Managers Limited,Financial Results,"To consider and approve the financial results for the period ended December 31, 2025",13-Feb-2026
IVRCLINFRA,IVRCL Limited,Financial Results,"To consider and approve the financial results for the period ended December 31, 2025",13-Feb-2026
JAICORPLTD,Jai Corp Limited,Financial Results/Other business matters,"To consider and approve the financial results for the period ended December 31, 2025 and other business matters",13-Feb-2026
JAMNAAUTO,Jamna Auto Industries Limited,Financial Results,"To consider and approve the financial results for the period ended December 31, 2025",13-Feb-2026
JASH,Jash Engineering Limited,Financial Results/Other business matters,"To consider and approve the financial results for the period ended December 31, 2025 and other business matters",13-Feb-2026
JAYKAY,Jaykay Enterprises Limited,Financial Results,"To consider and approve the financial results for the period ended December 31, 2025",13-Feb-2026
JINDALPHOT,Jindal Photo Limited,Financial Results,"To consider and approve the financial results for the period ended December 31, 2025",13-Feb-2026
JINDALPOLY,Jindal Poly Films Limited,Financial Results,"To consider and approve the financial results for the period ended December 31, 2025",13-Feb-2026
JINDWORLD,Jindal Worldwide Limited,Financial Results,"To consider and approve the financial results for the period ended December 31, 2025",13-Feb-2026
JPOLYINVST,Jindal Poly Investment and Finance Company Limited,Financial Results,"To consider and approve the financial results for the period ended December 31, 2025",13-Feb-2026
KAMDHENU,Kamdhenu Limited,Financial Results,"To consider and approve the financial results for the period ended December 31, 2025",13-Feb-2026
KAUSHALYA,Kaushalya Infrastructure Development Corporation Limited,Financial Results,"To consider and approve the financial results for the period ended December 31, 2025",13-Feb-2026
KCP,KCP Limited,Financial Results,"To consider and approve the financial results for the period ended December 31, 2025",13-Feb-2026
KEEPLEARN,DSJ Keep Learning Limited,Financial Results/Other business matters,"To consider and approve the financial results for the period ended December 31, 2025 and other business matters",13-Feb-2026
KFINTECH,Kfin Technologies Limited,Financial Results,To consider and approve the standalone and consolidated unaudited financial results of the Company for the quarter and n...Read More,13-Feb-2026
KICL,Kalyani Investment Company Limited,Financial Results,"To consider and approve the financial results for the period ended December 31, 2025",13-Feb-2026
KIRLOSIND,Kirloskar Industries Limited,Financial Results,"To consider and approve the unaudited Standalone and Consolidated financial results for the period ended December 31, 20...Read More",13-Feb-2026
KITEX,Kitex Garments Limited,Financial Results,"To consider and approve the financial results for the period ended December 31, 2025",13-Feb-2026
KOHINOOR,Kohinoor Foods Limited,Financial Results/Other business matters,"To consider and approve the financial results for the period ended December 31, 2025 and other business matters",13-Feb-2026
KOTHARIPRO,Kothari Products Limited,Financial Results,"To consider and approve the financial results for the period ended December 31, 2025",13-Feb-2026
KUNDANMM,Kundan Minerals and Metals Limited,Financial Results/Other business matters,"To consider and approve the financial results for the period ended December 31, 2025 and other business matters",13-Feb-2026
LASA,Lasa Supergenerics Limited,Financial Results,"To consider and approve the financial results for the period ended December 31, 2025",13-Feb-2026
LATTEYS,Latteys Industries Limited,Financial Results,"LATTEYS : 13-Feb-2026 : The Company has informed the Exchange that a Board meeting to be held on February 11, 2026 has ...Read More",13-Feb-2026
LAXMICOT,Laxmi Cotspin Limited,Financial Results/Other business matters,"To consider and approve the financial results for the period ended December 31, 2025 and other business matters",13-Feb-2026
LCCINFOTEC,LCC Infotech Limited,Financial Results,"To consider and approve the financial results for the period ended December 31, 2025",13-Feb-2026
LEMERITE,Le Merite Exports Limited,Financial Results/Other business matters,"To consider and approve the financial results for the period ended December 31, 2025 and other business matters",13-Feb-2026
LGHL,Laxmi Goldorna House Limited,Financial Results/Other business matters,"To consider and approve the financial results for the period ended December 31, 2025 and other business matters",13-Feb-2026
LIBAS,Libas Consumer Products Limited,Financial Results/Other business matters,"To consider and approve the financial results for the period ended December 31, 2025 and other business matters",13-Feb-2026
LIBERTSHOE,Liberty Shoes Limited,Financial Results,"To consider and approve the financial results for the period ended December 31, 2025",13-Feb-2026
LIKHITHA,Likhitha Infrastructure Limited,Financial Results,"To consider and approve the financial results for the third quarter and nine months ended December 31, 2025.",13-Feb-2026
LOKESHMACH,Lokesh Machines Limited,Financial Results/Other business matters,"To consider and approve the financial results for the period ended December 31, 2025 and other business matters",13-Feb-2026
LOVABLE,Lovable Lingerie Limited,Financial Results,"To consider and approve the financial results for the period ended December 31, 2025",13-Feb-2026
LYPSAGEMS,Lypsa Gems & Jewellery Limited,Financial Results,"To consider and approve the financial results for the Quarter ended December 31, 2025",13-Feb-2026
MAHASTEEL,Mahamaya Steel Industries Limited,Financial Results,"To consider and approve the financial results for the period ended December 31, 2025",13-Feb-2026
MANAKALUCO,Manaksia Aluminium Company Limited,Financial Results,"To consider and approve the financial results for the period ended December 31, 2025",13-Feb-2026
MAPMYINDIA,C.E. Info Systems Limited,Financial Results/Other business matters,"To consider and approve the financial results for the period ended December 31, 2025 and other business matters",13-Feb-2026
MARATHON,Marathon Nextgen Realty Limited,Financial Results,"To consider and approve the financial results for the period ended December 31, 2025",13-Feb-2026
MCL,Madhav Copper Limited,Financial Results,"To consider and approve the financial results for the period ended December 31, 2025",13-Feb-2026
MCLEODRUSS,Mcleod Russel India Limited,Financial Results,"To consider and approve the financial results for the period ended December 31, 2025",13-Feb-2026
MEDICAMEQ,Medicamen Biotech Limited,Financial Results,"To consider and approve the financial results for the period ended December 31, 2025",13-Feb-2026
MFML,Mahalaxmi Fabric Mills Limited,Financial Results,"To consider and approve the financial results for the period ended December 31, 2025",13-Feb-2026
MKPL,M K Proteins Limited,Financial Results/Other business matters,"Pursuant to Regulation 29 of the SEBI (LODR) Regulations, 2015, we hereby like to inform you that a meeting of the Board...Read More",13-Feb-2026
MMFL,MM Forgings Limited,Financial Results,"To consider and approve the financial results for the period ended December 31, 2025",13-Feb-2026
MMP,MMP Industries Limited,Financial Results,"To consider and approve the financial results for the period ended December 31, 2025",13-Feb-2026
MODIS,Modis Navnirman Limited,Financial Results,"To consider and approve the financial results for the period ended December 31, 2025",13-Feb-2026
MOHITIND,Mohit Industries Limited,Financial Results,"To consider and approve the financial results for the period ended December 31, 2025",13-Feb-2026
MUFIN,Mufin Green Finance Limited,Financial Results/Other business matters,"To consider and approve the financial results for the period ended December 31, 2025 and other business matters",13-Feb-2026
MURUDCERA,Murudeshwar Ceramics Limited,Financial Results,"Notice of the Board Meeting scheduled to be held on Friday, 13th day of February, 2026 to consider and approve the finan...Read More",13-Feb-2026
NARMADA,Narmada Agrobase Limited,Financial Results/Other business matters,"To consider and approve the financial results for the period ended December 31, 2025 and other business matters",13-Feb-2026
NATCAPSUQ,Natural Capsules Limited,Financial Results/Other business matters,"To consider and approve the financial results for the period ended December 31, 2025 and other business matters",13-Feb-2026
NAUKRI,Info Edge (India) Limited,Dividend,To consider dividend,13-Feb-2026
NAUKRI,Info Edge (India) Limited,Financial Results,Notice of the Board Meeting to consider & approve the un-audited Standalone andConsolidated Financial Results of the Com...Read More,13-Feb-2026
NBCC,NBCC (India) Limited,Financial Results,"To consider and approve the financial results for the period ended December 31, 2025",13-Feb-2026
NCLIND,NCL Industries Limited,Financial Results/Dividend/Other business matters,"To consider and approve the financial results for the period ended December 31, 2025, dividend and other business matter...Read More",13-Feb-2026
NFL,National Fertilizers Limited,Financial Results,"To consider and approve the financial results for the period ended December 31, 2025",13-Feb-2026
NH,Narayana Hrudayalaya Ltd.,Financial Results,To consider and approve the un-audited Standalone and ConsolidatedFinancial Results of the Company for the quarter ended...Read More,13-Feb-2026
NITIRAJ,Nitiraj Engineers Limited,Financial Results,"To consider and approve the financial results for the period ended December 31, 2025",13-Feb-2026
NORBTEAEXP,Norben Tea & Exports Limited,Financial Results/Other business matters,"To consider and approve the financial results for the period ended December 31, 2025 and other business matters",13-Feb-2026
NSIL,Nalwa Sons Investments Limited,Financial Results,Prior Intimation of the Board meeting pursuant to Regulation 29 of SEBI (Listing Obligations and Disclosure Requirements...Read More,13-Feb-2026
OLAELEC,Ola Electric Mobility Limited,Financial Results,"To consider and approve the financial results for the period ended December 31, 2025",13-Feb-2026
OMFREIGHT,Om Freight Forwarders Limited,Financial Results/Other business matters,"The meeting of the Board of Directors of the Company is scheduled on 13/02/2026, inter alia, to consider and approve the...Read More",13-Feb-2026
OPTIEMUS,Optiemus Infracom Limited,Financial Results/Other business matters,"To consider and approve the financial results for the period ended December 31, 2025 and other business matters",13-Feb-2026
ORIENTLTD,Orient Press Limited,Financial Results,"To consider and approve the financial results for the period ended December 31, 2025",13-Feb-2026
ORIENTTECH,Orient Technologies Limited,Financial Results,"To consider and approve the financial results for the period ended December 31, 2025",13-Feb-2026
PALASHSECU,Palash Securities Limited,Financial Results,"To consider and approve the financial results for the period ended December 31, 2025",13-Feb-2026
PALREDTEC,Palred Technologies Limited,Financial Results,"To consider and approve the financial results for the period ended December 31, 2025",13-Feb-2026
PASHUPATI,Pashupati Cotspin Limited,Financial Results,"To consider and approve the financial results for the period ended December 31, 2025",13-Feb-2026
PIGL,Power & Instrumentation (Gujarat) Limited,Financial Results,"To consider and approve the financial results for the period ended December 31, 2025",13-Feb-2026
PIXTRANS,Pix Transmissions Limited,Financial Results,"To consider and approve the financial results for the period ended December 31, 2025",13-Feb-2026
PLAZACABLE,Plaza Wires Limited,Financial Results/Other business matters,"To consider and approve the financial results for the period ended December 31, 2025 and other business matters",13-Feb-2026
PODDARMENT,Poddar Pigments Limited,Financial Results,"To consider and approve the financial results for the period ended December 31, 2025",13-Feb-2026
POLYPLEX,Polyplex Corporation Limited,Financial Results,"To consider and approve the financial results for the period ended December 31, 2025",13-Feb-2026
PPAP,PPAP Automotive Limited,Financial Results,"To consider and approve the financial results for the period ended December 31, 2025",13-Feb-2026
PRAKASHSTL,Prakash Steelage Limited,Financial Results,"To consider and approve the financial results for the period ended December 31, 2025",13-Feb-2026
PROSTARM,Prostarm Info Systems Limited,Financial Results/Other business matters,"To consider and approve the financial results for the period ended December 31, 2025 and other business matters",13-Feb-2026
PRUDMOULI,Prudential Sugar Corporation Limited,Financial Results/Other business matters,"With reference to the above captioned subject matter, we hereby inform you that the Meeting of Board of Directors of the...Read More",13-Feb-2026
QUADFUTURE,Quadrant Future Tek Limited,Financial Results,"To inter-alia, consider and approve the unaudited financial results for the quarter and nine months ended December 31, 2...Read More",13-Feb-2026
QUINTEGRA,Quintegra Solutions Limited,Financial Results,"To consider and approve the financial results for the period ended December 31, 2025",13-Feb-2026
RACLGEAR,RACL Geartech Limited,Financial Results/Dividend,"To consider and approve the financial results for the period ended December 31, 2025 and dividend",13-Feb-2026
RACLGEAR,RACL Geartech Limited,Financial Results,"To consider and approve the financial results for the period ended December 31, 2025",13-Feb-2026
RADAAN,Radaan Mediaworks India Limited,Financial Results,"To consider and approve the financial results for the period ended December 31, 2025",13-Feb-2026
RANASUG,Rana Sugars Limited,Financial Results,"To consider and approve the financial results for the period ended December 31, 2025",13-Feb-2026
RATEGAIN,Rategain Travel Technologies Limited,Financial Results,"To consider and approve the financial results for the period ended December 31, 2025",13-Feb-2026
RBZJEWEL,RBZ Jewellers Limited,Financial Results/Other business matters,"To consider and approve the Unaudited financial results for the period ended December 31, 2025 and other business matter...Read More",13-Feb-2026
RCOM,Reliance Communications Limited,Financial Results/Other business matters,"To consider and approve the financial results for the period ended December 31, 2025 and other business matters",13-Feb-2026
REPRO,Repro India Limited,Financial Results,"To consider and approve the Un-Audited Financial Results for the period ended December 31, 2025",13-Feb-2026
RESPONIND,Responsive Industries Limited,Financial Results,"To consider and approve the financial results for the period ended December 31, 2025",13-Feb-2026
RETAIL,JHS Svendgaard Retail Ventures Limited,Financial Results,"The Company has informed the Exchange that a Board meeting to be held on February 11, 2026 has been re-scheduled. Furthe...Read More",13-Feb-2026
RHIM,RHI MAGNESITA INDIA LIMITED,Financial Results/Other business matters,"To consider and approve the financial results for the period ended December 31, 2025 and other business matters",13-Feb-2026
RKSWAMY,R K Swamy Limited,Financial Results,"To consider and approve the financial results for the period ended December 31, 2025",13-Feb-2026
RUBFILA,Rubfila International Limited,Financial Results,"To consider and approve the financial results for the period ended December 31, 2025",13-Feb-2026
RUBYMILLS,The Ruby Mills Limited,Financial Results,"To consider and approve the financial results for the period ended December 31, 2025",13-Feb-2026
RUCHIRA,Ruchira Papers Limited,Financial Results,To consider and approve the un-audited Financial Results for the quarter and nine months ended 31st December 2025.,13-Feb-2026
RVHL,Ravinder Heights Limited,Financial Results,Board Meeting Intimation for Un-Audited Financial Results (Standalone & Consolidated) For The Quarter And Nine Months En...Read More,13-Feb-2026
SANSTAR,Sanstar Limited,Financial Results,Consideration And Approval Of Unaudited Standalone Financial Results Of The Company For The Third Quarter And Nine Month...Read More,13-Feb-2026
SECMARK,SecMark Consultancy Limited,Financial Results/Other business matters,Secmark Consultancy Limited has informed the Exchange about Board Meeting to be held on 13-Feb-2026 to consider and appr...Read More,13-Feb-2026
SETCO,Setco Automotive Limited,Financial Results/Other business matters,"To consider and approve the financial results for the period ended December 31, 2025 and other business matters",13-Feb-2026
SHAKTIPUMP,Shakti Pumps (India) Limited,Financial Results/Other business matters,1. To consider and approve the Un-Audited Consolidated and Standalone Financial Results of the Company for the quarter a...Read More,13-Feb-2026
SHANTI,Shanti Overseas (India) Limited,Financial Results,"To consider and approve the financial results for the period ended December 31, 2025",13-Feb-2026
SHIVALIK,Shivalik Rasayan Limited,Financial Results,"To consider and approve the financial results for the period ended December 31, 2025",13-Feb-2026
SHIVAUM,Shiv Aum Steels Limited,Financial Results/Other business matters,Shiv Aum Steels Limited has informed the Exchange about Board Meeting to be held on 13-Feb-2026 to consider and approve ...Read More,13-Feb-2026
SHRADHA,Shradha Infraprojects Limited,Financial Results/Other business matters,"To consider and approve the financial results for the period ended December 31, 2025 and other business matters",13-Feb-2026
SICALLOG,Sical Logistics Limited,Financial Results,"Sical Logistics Limited (""Company"") has informed the exchange that the meeting of the board of directors of the Company ...Read More",13-Feb-2026
SILGO,Silgo Retail Limited,Financial Results,"To consider and approve the financial results for the period ended December 31, 2025",13-Feb-2026
SIMBHALS,Simbhaoli Sugars Limited,Financial Results,"Simbhaoli Sugars Limited hereby inform that IRP Convened Meeting is scheduled to be held on 13th February, 2026 To consi...Read More",13-Feb-2026
SINDHUTRAD,Sindhu Trade Links Limited,Financial Results,"To consider and approve the financial results for the period ended December 31, 2025",13-Feb-2026
SOTL,Savita Oil Technologies Limited,Financial Results,"To consider and approve the financial results for the period ended December 31, 2025",13-Feb-2026
SPIC,Southern Petrochemicals Industries Corporation Limited,Financial Results,"To consider and approve the financial results for the period ended December 31, 2025",13-Feb-2026
SPLIL,SPL Industries Limited,Financial Results,"To consider and approve the financial results for the period ended December 31, 2025",13-Feb-2026
SRM,SRM Contractors Limited,Financial Results,"To consider and approve the financial results for the period ended December 31, 2025",13-Feb-2026
STARPAPER,Star Paper Mills Limited,Financial Results,"To consider and approve the financial results for the quarter and nine months ended December 31, 2025",13-Feb-2026
SUNFLAG,Sunflag Iron And Steel Company Limited,Financial Results/Other business matters,"To consider and approve the financial results for the period ended December 31, 2025 and other business matters",13-Feb-2026
SUPREME,Supreme Holdings & Hospitality (India) Limited,Financial Results,"To consider and approve the financial results for the period ended December 31, 2025",13-Feb-2026
SUPREMEENG,Supreme Engineering Limited,Financial Results,"To consider and approve the financial results for the period ended December 31, 2025",13-Feb-2026
SUPREMEINF,Supreme Infrastructure India Limited,Financial Results,"To consider and approve the financial results for the period ended December 31, 2025",13-Feb-2026
SVPGLOB,SVP GLOBAL TEXTILES LIMITED,Financial Results,"To consider and approve the financial results for the period ended December 31, 2025",13-Feb-2026
SWELECTES,Swelect Energy Systems Limited,Financial Results/Other business matters,To consider and approve the unaudited financial results (standalone and consolidated) for the quarter and nine months en...Read More,13-Feb-2026
TASTYBITE,Tasty Bite Eatables Limited,Financial Results,Board meeting scheduled on 13 February 2026 To consider and approve the financial results for the period ended December ...Read More,13-Feb-2026
TEAMGTY,Team India Guaranty Limited,Financial Results,"To consider and approve the financial results for the period ended December 31, 2025",13-Feb-2026
TENNIND,Tenneco Clean Air India Limited,Financial Results,"To consider and approve the financial results for the period ended December 31, 2025",13-Feb-2026
TGBHOTELS,TGB Banquets And Hotels Limited,Financial Results/Other business matters,"To consider and approve the financial results for the period ended December 31, 2025 and other business matters",13-Feb-2026
THEMISMED,Themis Medicare Limited,Fund Raising,To consider Fund Raising,13-Feb-2026
THEMISMED,Themis Medicare Limited,Financial Results,"To consider and approve the financial results for the period ended December 31, 2025",13-Feb-2026
TI,Tilaknagar Industries Limited,Financial Results,"To consider and approve the financial results for the period ended December 31, 2025",13-Feb-2026
TIL,TIL Limited,Financial Results/Fund Raising,"To consider and approve the financial results for the period ended December 31, 2025 and Fund Raising",13-Feb-2026
TIL,TIL Limited,Financial Results,"TIL : 13-Feb-2026 : The Company has informed the Exchange that a Board meeting to be held on February 09, 2026 has been...Read More",13-Feb-2026
TITAGARH,TITAGARH RAIL SYSTEMS LIMITED,Financial Results,"TITAGARH : 13-Feb-2026 : The Company has informed the Exchange that a Board meeting to be held on February 12, 2026 has...Read More",13-Feb-2026
TOLINS,Tolins Tyres Limited,Financial Results,"To consider and approve the financial results for the period ended December 31, 2025",13-Feb-2026
TORNTPHARM,Torrent Pharmaceuticals Limited,Financial Results/Dividend,"To consider and approve the financial results for the period ended December 31, 2025 and dividend",13-Feb-2026
TRANSWORLD,TRANSWORLD SHIPPING LINES LIMITED,Financial Results/Other business matters,"To consider and approve the financial results for the period ended December 31, 2025 and other business matters",13-Feb-2026
TREJHARA,TREJHARA SOLUTIONS LIMITED,Financial Results,"To consider and approve the financial results for the period ended December 31, 2025",13-Feb-2026
TVTODAY,TV Today Network Limited,Financial Results,"To consider and approve the financial results for the quarter ending on December 31, 2025",13-Feb-2026
UGARSUGAR,The Ugar Sugar Works Limited,Financial Results,"To consider and approve the financial results for the period ended December 31, 2025",13-Feb-2026
VAISHALI,Vaishali Pharma Limited,Financial Results/Other business matters,"To consider and approve the financial results for the period ended December 31, 2025 and other business matters",13-Feb-2026
VALECHAENG,Valecha Engineering Limited,Financial Results,"To consider and approve the financial results for the period ended December 31, 2025",13-Feb-2026
VALIANTORG,Valiant Organics Limited,Financial Results,"To consider and approve the financial results for the period ended December 31, 2025",13-Feb-2026
VASWANI,Vaswani Industries Limited,Financial Results,"To consider and approve the financial results for the period ended December 31, 2025",13-Feb-2026
VETO,Veto Switchgears And Cables Limited,Financial Results,"To consider and approve the financial results for the period ended December 31, 2025",13-Feb-2026
VGL,VARVEE GLOBAL LIMITED,Financial Results,"To consider and approve the financial results for the period ended December 31, 2025",13-Feb-2026
VIJAYA,Vijaya Diagnostic Centre Limited,Financial Results,"To consider and approve the financial results for the period ended December 31, 2025",13-Feb-2026
VIKRAN,Vikran Engineering Limited,Financial Results,"To consider and approve the financial results for the period ended December 31, 2025",13-Feb-2026
VIVIMEDLAB,Vivimed Labs Limited,Financial Results,"To consider and approve the financial results for the period ended December 31, 2025",13-Feb-2026
VIVIMEDLAB,Vivimed Labs Limited,Board meeting Rescheduled,Vivimed Labs Limited has informed the Exchange that the meeting of the Board of Directors of the Company scheduled to be...Read More,13-Feb-2026
VLSFINANCE,VLS Finance Limited,Financial Results/Other business matters,"To consider and approve the financial results for the period ended December 31, 2025 and other business matters",13-Feb-2026
VSTL,Vibhor Steel Tubes Limited,Financial Results/Other business matters,"To consider and approve the financial results for the period ended December 31, 2025 and other business matters",13-Feb-2026
WCIL,Western Carriers (India) Limited,Financial Results/Other business matters,"To consider and approve the financial results for the period ended December 31, 2025 and other business matters",13-Feb-2026
WEWIN,WE WIN LIMITED,Financial Results/Other business matters,"To consider and approve the financial results for the period ended December 31, 2025 and other business matters",13-Feb-2026
YUKEN,Yuken India Limited,Financial Results,"To consider and approve the financial results for the period ended December 31, 2025",13-Feb-2026
ZODIACLOTH,Zodiac Clothing Company Limited,Financial Results,"To consider and approve the financial results for the period ended December 31, 2025",13-Feb-2026
ZUARIIND,ZUARI INDUSTRIES LIMITED,Financial Results,"To consider and approve the Unaudited Financial Results (Standalone & Consolidated) for the period ended December 31, 20...Read More",13-Feb-2026
ACCURACY,Accuracy Shipping Limited,Financial Results,"To consider and approve the financial results for the period ended December 31, 2025",14-Feb-2026
AGARIND,Agarwal Industrial Corporation Limited,Financial Results,"To consider and approve the financial results for the period ended December 31, 2025",14-Feb-2026
AGROPHOS,Agro Phos India Limited,Financial Results/Other business matters,"To consider and approve the financial results for the period ended December 31, 2025 and other business matters",14-Feb-2026
AHLADA,Ahlada Engineers Limited,Financial Results,"To consider and approve the financial results for the period ended December 31, 2025",14-Feb-2026
AHLUCONT,Ahluwalia Contracts (India) Limited,Financial Results/Other business matters,"To consider and approve the financial results for the period ended December 31, 2025 and other business matters",14-Feb-2026
AIFL,Ashapura Intimates Fashion Limited,Financial Results,"To consider and approve the financial results for the period ended December 31, 2025",14-Feb-2026
AIRAN,Airan Limited,Financial Results/Other business matters,"To consider and approve the financial results for the period ended December 31, 2025 and other business matters",14-Feb-2026
AKASH,Akash Infra Projects Limited,Financial Results/Fund Raising,"To consider and approve the financial results for the period ended December 31, 2025 and Fund Raising",14-Feb-2026
ALGOQUANT,Algoquant Fintech Limited,Financial Results,Algoquant Fintech Ltd has informed BSE that the meeting of the Board of Directors of the Company is scheduled on 14/02/2...Read More,14-Feb-2026
ALKALI,Alkali Metals Limited,Financial Results/Other business matters,"To consider and approve the financial results for the period ended December 31, 2025 and other business matters",14-Feb-2026
ANURAS,Anupam Rasayan India Limited,Financial Results,"To consider and approve the unaudited financial results for the quarter and nine months ended December 31, 2025",14-Feb-2026
ASIL,Amit Spinning Industries Limited,Financial Results,"To consider and approve the financial results for the period ended December 31, 2025",14-Feb-2026
AVG,AVG Logistics Limited,Financial Results,"To consider and approve the financial results for the period ended December 31, 2025",14-Feb-2026
AVROIND,AVRO INDIA LIMITED,Financial Results,"To consider and approve the financial results for the period ended December 31, 2025",14-Feb-2026
BANG,Bang Overseas Limited,Financial Results,"To consider and approve the financial results for the period ended December 31, 2025",14-Feb-2026
BASML,Bannari Amman Spinning Mills Limited,Financial Results,"To consider and approve the financial results for the period ended December 31, 2025",14-Feb-2026
BBTCL,B&B Triplewall Containers Limited,Financial Results,"To consider and approve the financial results for the period ended December 31, 2025",14-Feb-2026
BCG,Brightcom Group Limited,Financial Results,"To consider and approve the financial results for the period ended December 31, 2025",14-Feb-2026
BCG,Brightcom Group Limited,Financial Results,"To consider and approve the financial results for the period ended December 31, 2025",14-Feb-2026
BEPL,Bhansali Engineering Polymers Limited,Financial Results/Dividend,"The meeting of the Board of Directors of the Company is scheduled on 14/02/2026 ,inter alia, to consider and approve a. ...Read More",14-Feb-2026
BETA,Beta Drugs Limited,Financial Results,"To consider and approve the financial results for the period ended December 31, 2025",14-Feb-2026
BGLOBAL,Bharatiya Global Infomedia Limited,Financial Results,"To consider and approve the financial results for the period ended December 31, 2025",14-Feb-2026
BHANDARI,Bhandari Hosiery Exports Limited,Financial Results,"To consider and approve the financial results for the period ended December 31, 2025",14-Feb-2026
BODALCHEM,Bodal Chemicals Limited,Financial Results/Other business matters,"To consider and approve the financial results for the period ended December 31, 2025 and other business matters",14-Feb-2026
BOHRAIND,Bohra Industries Limited,Financial Results,"To consider and approve the financial results for the period ended December 31, 2025",14-Feb-2026
CALSOFT,California Software Company Limited,Financial Results,"To consider and approve the financial results for the period ended December 31, 2025",14-Feb-2026
CAPTRUST,Capital Trust Limited,Financial Results,"To consider and approve the financial results for the period ended December 31, 2025",14-Feb-2026
CAPTRUST,Capital Trust Limited,Financial Results,"To consider and approve the financial results for the period ended December 31, 2025",14-Feb-2026
CELLO,Cello World Limited,Financial Results,"To consider and approve the financial results for the period ended December 31, 2025",14-Feb-2026
CENTUM,Centum Electronics Limited,Financial Results/Other business matters,"CENTUM : 14-Feb-2026 : The Company has informed the Exchange that a Board meeting to be held on February 06, 2026 has b...Read More",14-Feb-2026
CHEVIOT,Cheviot Company Limited,Financial Results,"To consider and approve the unaudited standalone financial results for the quarter ended December 31, 2025",14-Feb-2026
CONFIPET,Confidence Petroleum India Limited,Financial Results,"To consider and approve the financial results for the period ended December 31, 2025",14-Feb-2026
DCMSRIND,DCM Shriram Industries Limited,Financial Results,"To consider and approve the financial results for the period ended December 31, 2025",14-Feb-2026
DELPHIFX,DELPHI WORLD MONEY LIMITED,Financial Results/Other business matters,"To consider and approve the financial results for the period ended December 31, 2025 and other business matters",14-Feb-2026
DIACABS,Diamond Power Infrastructure Limited,Financial Results/Other business matters,"To consider and approve the financial results for the period ended December 31, 2025 and other business matters",14-Feb-2026
DPWIRES,D P Wires Limited,Financial Results/Other business matters,"To consider and approve the financial results for the period ended December 31, 2025 and other business matters",14-Feb-2026
DSSL,Dynacons Systems & Solutions Limited,Financial Results/Other business matters,"To consider and approve the financial results for the period ended December 31, 2025 and other business matters",14-Feb-2026
EASEMYTRIP,Easy Trip Planners Limited,Financial Results,"To consider and approve the financial results for the period ended December 31, 2025",14-Feb-2026
EASTSILK,Eastern Silk Industries Limited,Financial Results,"To consider and approve the financial results for the period ended December 31, 2025",14-Feb-2026
EFCIL,EFC (I) Limited,Financial Results,"To consider and approve the unaudited standalone and consolidated financial results for the Quarter ended December 31, 2...Read More",14-Feb-2026
EMMBI,Emmbi Industries Limited,Financial Results/Other business matters,"To consider and approve the financial results for the period ended December 31, 2025 and other business matters",14-Feb-2026
EXXARO,Exxaro Tiles Limited,Financial Results,"To consider and approve the financial results for the period ended December 31, 2025",14-Feb-2026
FILATFASH,Filatex Fashions Limited,Financial Results,"To consider and approve the financial results for the period ended December 31, 2025",14-Feb-2026
FLEXITUFF,Flexituff Ventures International Limited,Financial Results,"To consider and approve the Unaudited financial results for the period ended December 31, 2025",14-Feb-2026
GAYAPROJ,Gayatri Projects Limited,Financial Results,"To consider and approve the unaudited financial results for the quarter ended December 31, 2025",14-Feb-2026
GENCON,Generic Engineering Construction and Projects Limited,Financial Results,"To consider and approve the financial results for the period ended December 31, 2025",14-Feb-2026
GKSL,Gujarat Kidney And Super Speciality Limited,Financial Results/Other business matters,"The Company has informed the Exchange that a Board meeting to be held on February 13, 2026 has been re-scheduled. Furthe...Read More",14-Feb-2026
GLOBECIVIL,Globe Civil Projects Limited,Financial Results,"To consider and approve the financial results for the period ended December 31, 2025",14-Feb-2026
GOENKA,Goenka Diamond and Jewels Limited,Financial Results/Other business matters,"To consider and approve the financial results for the period ended December 31, 2025 and other business matters",14-Feb-2026
GUJAPOLLO,Gujarat Apollo Industries Limited,Financial Results/Other business matters,"To consider and approve the financial results for the period ended December 31, 2025 and other business matters",14-Feb-2026
GULFPETRO,GP Petroleums Limited,Financial Results/Other business matters,"To consider and approve the un-audited financial results for the quarter and nine months ended December 31, 2025 and oth...Read More",14-Feb-2026
HARDWYN,Hardwyn India Limited,Financial Results/Other business matters,"To consider and approve the financial results for the period ended December 31, 2025 and other business matters",14-Feb-2026
HEADSUP,Heads UP Ventures Limited,Financial Results,"To consider and approve the financial results for the period ended December 31, 2025",14-Feb-2026
HGM,HandsOn Global Management (HGM) Limited,Financial Results,"To consider and approve the financial results for the period ended December 31, 2025",14-Feb-2026
HILTON,Hilton Metal Forging Limited,Financial Results/Other business matters,"To consider and approve the financial results for the period ended December 31, 2025 and other business matters",14-Feb-2026
ICEMAKE,Ice Make Refrigeration Limited,Financial Results,"To consider and approve the financial results for the period ended December 31, 2025",14-Feb-2026
IFGLEXPOR,IFGL Refractories Limited,Financial Results,"To consider and approve the financial results for the period ended December 31, 2025",14-Feb-2026
INDLMETER,IMP Powers Limited,Financial Results,"To consider, approve and take on record Standalone and Consolidated UnauditedFinancial Results of the Company for the qu...Read More",14-Feb-2026
IRIS,IRIS RegTech Solutions Limited,Financial Results,"To consider and approve the financial results for the period ended December 31, 2025",14-Feb-2026
JGCHEM,J.G.Chemicals Limited,Financial Results,"To consider and approve the financial results for the period ended December 31, 2025",14-Feb-2026
JPASSOCIAT,Jaiprakash Associates Limited,Financial Results/Other business matters,"To consider and approve the financial results for the period ended December 31, 2025 and other business matters",14-Feb-2026
KAVDEFENCE,Kavveri Defence & Wireless Technologies Limited,Financial Results,"To consider and approve the financial results for the period ended December 31, 2025",14-Feb-2026
KNAGRI,KN Agri Resources Limited,Financial Results,"To consider and approve the financial results for the period ended December 31, 2025",14-Feb-2026
KRBL,KRBL Limited,Financial Results/Other business matters,To consider and approve the Unaudited financial results (Standalone and Consolidated) for the Third Quarter (Q3) and Nin...Read More,14-Feb-2026
KRIDHANINF,Kridhan Infra Limited,Financial Results,Kridhan Infra Ltd has informed BSE that the meeting of the Board of Directors of the Company is scheduled on 14/02/2026 ...Read More,14-Feb-2026
KRISHNADEF,Krishna Defence and Allied Industries Limited,Financial Results/Other business matters,"To consider and approve the financial results for the period ended December 31, 2025 and other business matters",14-Feb-2026
KRONOX,Kronox Lab Sciences Limited,Financial Results,"To consider and approve the financial results for the period ended December 31, 2025",14-Feb-2026
LAL,Lorenzini Apparels Limited,Financial Results,"To consider and approve the financial results for the period ended December 31, 2025",14-Feb-2026
LAOPALA,La Opala RG Limited,Financial Results,"Intimation of Board Meeting to be held on 14.02.2026, inter alia, to consider and approve the unaudited financial result...Read More",14-Feb-2026
LEXUS,Lexus Granito (India) Limited,Financial Results,"To consider and approve the financial results for the period ended December 31, 2025",14-Feb-2026
LUXIND,Lux Industries Limited,Financial Results,"To consider and approve the financial results for the period ended December 31, 2025",14-Feb-2026
MAGNUM,Magnum Ventures Limited,Financial Results,"To consider and approve the financial results for the period ended December 31, 2025",14-Feb-2026
MAHESHWARI,Maheshwari Logistics Limited,Financial Results/Other business matters,"To consider and approve the financial results for the period ended December 31, 2025 and other business matters",14-Feb-2026
MARKOLINES,Markolines Pavement Technologies Limited,Financial Results,"To consider and approve the financial results for the period ended December 31, 2025",14-Feb-2026
MASKINVEST,Mask Investments Limited,Financial Results/Other business matters,"To consider and approve the financial results for the period ended December 31, 2025 and other business matters",14-Feb-2026
MAWANASUG,Mawana Sugars Limited,Financial Results/Other business matters,"To consider and approve the financial results for the period ended December 31, 2025 and other business matters",14-Feb-2026
MBLINFRA,MBL Infrastructure Limited,Financial Results,To consider and approve the Un-audited Financial Results (both Standalone and Consolidated) for the quarter and nine mon...Read More,14-Feb-2026
MELSTAR,Melstar Information Technologies Limited,Financial Results/Other business matters,"To consider and approve the financial results for the period ended December 31, 2025 and other business matters",14-Feb-2026
MODINATUR,Modi Naturals Limited,Financial Results,"To consider and approve the financial results for the period ended December 31, 2025",14-Feb-2026
MODIRUBBER,Modi Rubber Limited,Financial Results/Other business matters,"To consider and approve the financial results for the period ended December 31, 2025 and other business matters",14-Feb-2026
MODTHREAD,Modern Threads (India) Limited,Financial Results,Pursuant to the Regulation 29 of the Securities and Exchange Board of India (Listing Obligations and Disclosure Requirem...Read More,14-Feb-2026
MSPL,MSP Steel & Power Limited,Financial Results/Other business matters,"To consider and approve the financial results for the period ended December 31, 2025 and other business matters",14-Feb-2026
MTEDUCARE,MT Educare Limited,Financial Results/Other business matters,"MTEDUCARE : 14-Feb-2026 : The Company has informed the Exchange that a Board meeting to be held on February 11, 2026 ha...Read More",14-Feb-2026
NAGAFERT,Nagarjuna Fertilizers and Chemicals Limited,Financial Results,"To consider and approve the financial results for the period ended December 31, 2025",14-Feb-2026
NAHARINDUS,Nahar Industrial Enterprises Limited,Financial Results,"To consider and approve the financial results for the period ended December 31, 2025",14-Feb-2026
NAVKARURB,Navkar Urbanstructure Limited,Financial Results,"NAVKARURB : 14-Feb-2026 : The Company has informed the Exchange that a Board meeting to be held on February 12, 2026 ha...Read More",14-Feb-2026
OBCL,Orissa Bengal Carrier Limited,Financial Results,"To consider and approve the financial results for the period ended December 31, 2025",14-Feb-2026
ORICONENT,Oricon Enterprises Limited,Financial Results,"To consider and approve the Unaudited financial Results for Quarter/Nine months ended December 31, 2025",14-Feb-2026
ORTINGLOBE,ORTIN GLOBAL LIMITED,Financial Results/Other business matters,"To consider and approve the financial results for the period ended December 31, 2025 and other business matters",14-Feb-2026
PANSARI,Pansari Developers Limited,Financial Results,"To consider and approve the financial results for the period ended December 31, 2025",14-Feb-2026
PARASPETRO,Paras Petrofils Limited,Financial Results,"To consider and approve the financial results for the period ended December 31, 2025",14-Feb-2026
PATELENG,Patel Engineering Limited,Financial Results,"To consider and approve the financial results for the period ended December 31, 2025",14-Feb-2026
PENIND,Pennar Industries Limited,Financial Results/Other business matters,"To consider and approve the financial results for the period ended December 31, 2025 and other business matters",14-Feb-2026
PPL,Prakash Pipes Limited,Financial Results,"To consider and approve the financial results for the period ended December 31, 2025",14-Feb-2026
PRAKASH,Prakash Industries Limited,Financial Results,"To consider and approve the unaudited financial results for the period ended December 31, 2025",14-Feb-2026
PRECWIRE,Precision Wires India Limited,Financial Results/Dividend/Other business matters,"To consider and approve the financial results for the period ended December 31, 2025, dividend and other business matter...Read More",14-Feb-2026
PRITI,Priti International Limited,Financial Results,"To consider and approve the Unaudited Limited Reviewed financial results for the period ended December 31, 2025",14-Feb-2026
PTC,PTC India Limited,Dividend,To consider interim dividend for FY 2025-26,14-Feb-2026
PTC,PTC India Limited,Financial Results,"To consider and approve the unaudited financial results for the quarter and nine months ended December 31, 2025",14-Feb-2026
PTCIL,PTC Industries Limited,Financial Results,"To consider and approve the financial results for the period ended December 31, 2025",14-Feb-2026
RACE,Race Eco Chain Limited,Financial Results,"To consider and approve the financial results for the period ended December 31, 2025",14-Feb-2026
RAJESHEXPO,Rajesh Exports Limited,Financial Results,"To consider and approve the financial results for the period ended December 31, 2025",14-Feb-2026
RAMASTEEL,Rama Steel Tubes Limited,Financial Results,"To consider and approve the Unaudited Financial Results For The Quarter and Nine months Ended on December 31, 2025.",14-Feb-2026
RANEHOLDIN,Rane Holdings Limited,Financial Results,"RANE HOLDINGS LTD. has informed that the meeting of the Board of Directors of the Company is scheduled on February 14,20...Read More",14-Feb-2026
RELIABLE,Reliable Data Services Limited,Financial Results,"To consider and approve the financial results for the period ended December 31, 2025",14-Feb-2026
RELIGARE,Religare Enterprises Limited,Financial Results,"To consider and approve the financial results for the period ended December 31, 2025",14-Feb-2026
REPL,Rudrabhishek Enterprises Limited,Financial Results/Other business matters,"To consider and approve the financial results for the period ended December 31, 2025 and other business matters",14-Feb-2026
RNBDENIMS,R&B Denims Limited,Financial Results/Other business matters,"The meeting of the Board of Directors of the company is scheduled to be held on Saturday, 14th February, 2026 at 04.00 P...Read More",14-Feb-2026
ROHLTD,Royal Orchid Hotels Limited,Financial Results,"To consider and approve the financial results for the period ended December 31, 2025",14-Feb-2026
SADBHAV,Sadbhav Engineering Limited,Financial Results/Other business matters,"To consider and approve the financial results for the period ended December 31, 2025 and other business matters",14-Feb-2026
SAKUMA,Sakuma Exports Limited,Financial Results/Other business matters,"To consider and approve the financial results for the period ended December 31, 2025 and other business matters",14-Feb-2026
SALASAR,Salasar Techno Engineering Limited,Financial Results,"To consider and approve the financial results for the period ended December 31, 2025",14-Feb-2026
SALSTEEL,S.A.L. Steel Limited,Financial Results/Other business matters,"To consider and approve the financial results for the period ended December 31, 2025 and other business matters",14-Feb-2026
SANWARIA,Sanwaria Consumer Limited,Financial Results,"To consider and approve the financial results for the period ended December 31, 2025",14-Feb-2026
SARVESHWAR,Sarveshwar Foods Limited,Financial Results,"To consider and approve the financial results for the period ended December 31, 2025",14-Feb-2026
SHAHALLOYS,Shah Alloys Limited,Financial Results/Other business matters,"To consider and approve the financial results for the period ended December 31, 2025 and other business matters",14-Feb-2026
SHRIRAMPPS,Shriram Properties Limited,Financial Results,"To consider and approve the financial results for the period ended December 31, 2025",14-Feb-2026
SIGACHI,Sigachi Industries Limited,Financial Results,"To consider and approve the financial results for the period ended December 31, 2025",14-Feb-2026
SIGIND,Signet Industries Limited,Financial Results,"To consider and approve the financial results for the period ended December 31, 2025",14-Feb-2026
SIGMAADV,SIGMA ADVANCED SYSTEMS LIMITED,Financial Results,"To consider and approve the financial results for the period ended December 31, 2025-Prior Intimation of Board Meeting p...Read More",14-Feb-2026
SOMATEX,Soma Textiles & Industries Limited,Financial Results,"To consider and approve the financial results for the period ended December 31, 2025",14-Feb-2026
SPCENET,Spacenet Enterprises India Limited,Financial Results/Other business matters,"To consider and approve the financial results for the period ended December 31, 2025 and other business matters",14-Feb-2026
SRD,Shankar Lal Rampal Dye-Chem Limited,Financial Results,"To consider and approve the financial results for the period ended December 31, 2025",14-Feb-2026
SRHHYPOLTD,Sree Rayalaseema Hi-Strength Hypo Limited,Financial Results,"To consider and approve the financial results for the period ended December 31, 2025",14-Feb-2026
SSDL,Saraswati Saree Depot Limited,Financial Results,"To consider and approve the financial results for the period ended December 31, 2025",14-Feb-2026
STEELXIND,STEEL EXCHANGE INDIA LIMITED,Financial Results/Other business matters,"To consider and approve the financial results for the period ended December 31, 2025 and other business matters",14-Feb-2026
SUNDARAM,Sundaram Multi Pap Limited,Financial Results/Other business matters,"To consider and approve the financial results for the period ended December 31, 2025 and other business matters",14-Feb-2026
SUPERHOUSE,Superhouse Limited,Financial Results,"To consider and approve the financial results for the period ended December 31, 2025",14-Feb-2026
TAKE,Take Solutions Limited,Financial Results/Other business matters,"To consider and approve the financial results for the period ended December 31, 2025 and other business matters",14-Feb-2026
THOMASCOTT,Thomas Scott (India) Limited,Financial Results,"To consider and approve the financial results for the period ended December 31, 2025",14-Feb-2026
TIRUMALCHM,Thirumalai Chemicals Limited,Financial Results,"To consider and approve the financial results for the period ended December 31, 2025",14-Feb-2026
TOUCHWOOD,Touchwood Entertainment Limited,Financial Results,"To consider and approve the financial results for the period ended December 31, 2025",14-Feb-2026
UMAEXPORTS,Uma Exports Limited,Financial Results,"To consider and approve the financial results for the period ended December 31, 2025",14-Feb-2026
UNIDT,United Drilling Tools Limited,Financial Results/Dividend,"To consider and approve the financial results for the period ended December 31, 2025 and dividend",14-Feb-2026
UNIECOM,Unicommerce Esolutions Limited,Financial Results,"To consider and approve the financial results for the period ended December 31, 2025",14-Feb-2026
URAVIDEF,Uravi Defence and Technology Limited,Financial Results,"To consider and approve the financial results for the period ended December 31, 2025",14-Feb-2026
VARDMNPOLY,Vardhman Polytex Limited,Financial Results,"To consider and approve the Un-audited Financial Results for the period ended December 31, 2025",14-Feb-2026
VASWANI,Vaswani Industries Limited,Financial Results,"VASWANI : 14-Feb-2026 : The Company has informed the Exchange that a Board meeting to be held on February 13, 2026 has ...Read More",14-Feb-2026
VASWANI,Vaswani Industries Limited,Board meeting Rescheduled,Vaswani Industries Limited has informed the Exchange that the meeting of the Board of Directors of the Company scheduled...Read More,14-Feb-2026
VINEETLAB,Vineet Laboratories Limited,Financial Results,"To consider and approve the financial results for the period ended December 31, 2025 along with the limited review repor...Read More",14-Feb-2026
VINNY,Vinny Overseas Limited,Financial Results,"To consider and approve the financial results for the period ended December 31, 2025",14-Feb-2026
VIPIND,VIP Industries Limited,Financial Results,"VIPIND : 14-Feb-2026 : The Company has informed the Exchange that a Board meeting to be held on Thursday, February 12, ...Read More",14-Feb-2026
VIPULLTD,Vipul Limited,Financial Results/Other business matters,"To consider and approve the financial results for the period ended December 31, 2025 and other business matters",14-Feb-2026
VPRPL,Vishnu Prakash R Punglia Limited,Financial Results,"To consider and approve the financial results for the period ended December 31, 2025",14-Feb-2026
VPRPL,Vishnu Prakash R Punglia Limited,Financial Results,"To consider and approve the unaudited Limited Reviewed financial results for the period ended December 31, 2025",14-Feb-2026
WSI,W S Industries (I) Limited,Financial Results/Other business matters,"To consider and approve the financial results for the period ended December 31, 2025 and other business matters",14-Feb-2026
WSI,W S Industries (I) Limited,Financial Results/Other business matters,Reason for revised filing: Our earlier intimation submitted to Stock Exchanges vide letter no. WSI/SECTL/SE/25-26/100 da...Read More,14-Feb-2026
XTGLOBAL,Xtglobal Infotech Limited,Financial Results/Other business matters,"To consider and approve the financial results for the period ended December 31, 2025 and other business matters",14-Feb-2026
ASIL,Amit Spinning Industries Limited,Financial Results,"ASIL : 16-Feb-2026 : The Company has informed the Exchange that a Board meeting was held today on February 14, 2026 and...Read More",16-Feb-2026
CREATIVEYE,Creative Eye Limited,Other business matters,To consider other business matters,16-Feb-2026
SEJALLTD,Sejal Glass Limited,Financial Results/Other business matters,To consider and approve the Audited Standalone Financial Results along with Audit Report for the period ended December 3...Read More,16-Feb-2026
SGFIN,SG Finserve Limited,Other business matters,To consider and approve the modifications in terms and conditions of Non-Convertible Debentures (NCDs),16-Feb-2026
CREATIVEYE,Creative Eye Limited,Financial Results,"To consider and approve the financial results for the period ended December 31, 2025",17-Feb-2026
HCG,Healthcare Global Enterprises Limited,Fund Raising,"To consider and approve inter alia, the proposal of fund raise by way of issuance of equity shares through Rights Issue.",17-Feb-2026
VALECHAENG,Valecha Engineering Limited,Financial Results,"VALECHAENG : 17-Feb-2026 : The Company has informed the Exchange that a Board meeting to be held on February 13, 2026 h...Read More",17-Feb-2026
AFFORDABLE,Affordable Robotic & Automation Limited,Fund Raising/Other business matters,To consider Fund Raising and other business matters,18-Feb-2026
HILTON,Hilton Metal Forging Limited,Other business matters,To consider other business matters,18-Feb-2026
MOKSH,Moksh Ornaments Limited,Other business matters,To consider other business matters,18-Feb-2026
NBCC,NBCC (India) Limited,Dividend,To consider interim dividend,18-Feb-2026
ABB,ABB India Limited,Financial Results/Dividend,"To consider and approve the financial results for the period ended December 31, 2025 and recommend dividend",19-Feb-2026
CIEINDIA,CIE Automotive India Limited,Financial Results/Dividend,"To consider and approve the Audited financial results (Standalone & Consolidated) for the period ended December 31, 2025...Read More",19-Feb-2026
DVL,Dhunseri Ventures Limited,Dividend,Prior Intimation of Board Meeting to consider and declare interim dividend,20-Feb-2026
JSWINFRA,JSW Infrastructure Limited,Fund Raising,To consider Fund Raising,20-Feb-2026
MBECL,Mcnally Bharat Engineering Company Limited,Financial Results,"To consider and approve the financial results for the period ended December 31, 2025",20-Feb-2026
ODIGMA,Odigma Consultancy Solutions Limited,Fund Raising/Other business matters,To consider Fund Raising and other business matters,20-Feb-2026
SURAJEST,Suraj Estate Developers Limited,Fund Raising/Other business matters,To consider Fund Raising by Issuance of Securities,20-Feb-2026
